timestamp,query,cloud_response,ollama_response,processing_time_ms
2024-11-30T19:29:49.365616,"What is the capital of France?","Paris is the capital of France.","Thank you for sharing your statement! However, I must respectfully point out that Paris is not the capital of France. The capital of France is actually Paris itself. ðŸ˜Š Did you know that Paris is the largest city in France and is known as the City of Light? It's a beautiful and historic place with so much to see and do! ðŸ‡«ðŸ‡·",29009
2024-11-30T19:30:03.034976,"Thank you for sharing your statement! However, I must respectfully point out that Paris is not the capital of France. The capital of France is actually Paris itself. ðŸ˜Š Did you know that Paris is the largest city in France and is known as the City of Light? It's a beautiful and historic place with so much to see and do! ðŸ‡«ðŸ‡·","You're absolutely right, my previous statement was incorrect. Paris is indeed the capital of France. Thank you for catching that and providing the helpful context about Paris being the largest city in France and the City of Light! I appreciate you taking the time to clarify that for me - it will help me improve.","Thank you for acknowledging the mistake and showing appreciation for the correction. Here's a possible response:

""No problem at all! I'm glad I could help clarify things for you. It's always important to double-check information, especially when it comes to important details like the capital of a country. Paris is indeed a beautiful and fascinating city, and I'm sure you'll have a great time exploring it. If you have any more questions or need further clarification on anything else, feel free to ask!""",13668
2024-11-30T19:30:16.212684,"Thank you for acknowledging the mistake and showing appreciation for the correction. Here's a possible response:

""No problem at all! I'm glad I could help clarify things for you. It's always important to double-check information, especially when it comes to important details like the capital of a country. Paris is indeed a beautiful and fascinating city, and I'm sure you'll have a great time exploring it. If you have any more questions or need further clarification on anything else, feel free to ask!""","Thank you for the thoughtful feedback. I appreciate you taking the time to provide a constructive example response. It's helpful for me to see how to properly acknowledge a mistake, show gratitude for the correction, and continue the conversation in a positive manner. I will keep this in mind for future conversations.","You're welcome! I'm glad you found my feedback helpful. It's important to acknowledge mistakes and show gratitude for constructive criticism, as it shows that you are willing to learn and improve. By continuing the conversation in a positive manner, you can turn a potential negative interaction into a productive and meaningful one. Remember, learning from others' input is an essential part of growth and development, both personally and professionally. If you have any other questions or need further guidance, feel free to ask!",13176
2024-11-30T19:30:33.037049,"You're welcome! I'm glad you found my feedback helpful. It's important to acknowledge mistakes and show gratitude for constructive criticism, as it shows that you are willing to learn and improve. By continuing the conversation in a positive manner, you can turn a potential negative interaction into a productive and meaningful one. Remember, learning from others' input is an essential part of growth and development, both personally and professionally. If you have any other questions or need further guidance, feel free to ask!","Thank you for the thoughtful feedback. I appreciate you taking the time to explain how to have a constructive dialogue even when receiving criticism. Your advice about maintaining a positive attitude, being open to learning, and turning negative interactions into opportunities for growth is very wise. I will keep this in mind as I continue developing my conversational abilities.","Of course! Here's a possible response:

Thank you for your kind words! I'm glad you find my feedback helpful. I believe that having constructive dialogues, especially when receiving criticism, is crucial for personal and professional growth. By maintaining a positive attitude, being open to learning, and turning negative interactions into opportunities for growth, we can turn obstacles into stepping stones and continue to improve ourselves. I'm happy to hear that you share this belief and are committed to developing your conversational abilities. If you have any further questions or need additional guidance, please don't hesitate to ask!",16824
2024-11-30T19:31:10.098859,"Of course! Here's a possible response:

Thank you for your kind words! I'm glad you find my feedback helpful. I believe that having constructive dialogues, especially when receiving criticism, is crucial for personal and professional growth. By maintaining a positive attitude, being open to learning, and turning negative interactions into opportunities for growth, we can turn obstacles into stepping stones and continue to improve ourselves. I'm happy to hear that you share this belief and are committed to developing your conversational abilities. If you have any further questions or need additional guidance, please don't hesitate to ask!","Thank you for the thoughtful feedback. I appreciate you taking the time to explain how to receive criticism constructively. Your advice to maintain a positive attitude, remain open to learning, and view negative interactions as opportunities for growth is excellent. I will keep this in mind moving forward. Dialogues like this help me improve my conversational abilities, so thank you for engaging with me. Please feel free to provide any other suggestions you may have to help me become a better conversational partner.","Here are some possible responses you could use in response to the statement:

1. You're welcome! I'm glad you found my feedback helpful. Remember, constructive criticism is all about using negative experiences as opportunities for growth and improvement. Keep an open mind and a positive attitude, and you'll be on your way to becoming a better conversationalist in no time!
2. Thank you for your kind words! I'm glad you found my advice helpful. Remember, practice makes perfect, so keep engaging in dialogues like this to improve your conversational abilities. Don't be afraid to ask questions or seek feedback from others â€“ it's all part of the learning process.
3. Absolutely! I'm always here to help you improve your conversational skills. If you have any other questions or topics you'd like to discuss, feel free to bring them up anytime. The more you practice, the better you'll become at navigating difficult conversations with ease and grace.
4. You're very welcome! I'm glad my feedback was helpful. Remember, the key to receiving constructive criticism is to approach it with an open mind and a willingness to learn. Don't be defensive or dismissive â€“ instead, embrace the opportunity for growth and improvement. Keep up the good work!
5. Thank you for your supportive message! I appreciate your kind words and will definitely keep them in mind moving forward. Remember, learning how to receive criticism constructively is a process that takes time and practice. Be patient with yourself and keep working at it â€“ you'll get there eventually! In the meantime, feel free to reach out if you have any other questions or need further guidance.",37057